merge_group,category,canonical_name,duplicates_found,image_count_total,recommendation,notes
Apple,Fruit Disease,Apple_Scab,"Apple__Apple_scab (1), Apple_scab, Apple__scab",2502,MERGE,"Multiple versions of apple scab - consolidate to 'Apple_Scab'"
Apple,Fruit Disease,Apple_Black_Rot,"Apple__Black_rot (1), Apple__Black_rot, Apple__Black_Rot, Apple black_spot, Apple_Black_Rot",4240,MERGE,"5 versions with different formatting and naming - use 'Apple_Black_Rot'"
Apple,Fruit Disease,Apple_Cedar_Apple_Rust,"Apple__Cedar_apple_rust (2), Apple__Cedar_apple_rust (1), Apple__Cedar_apple_rust, Apple_Cedar_apple_rust, Apple_Cedar_Apple_Rust",2934,MERGE,"5 variations - standardize to 'Apple_Cedar_Apple_Rust'"
Apple,Fruit Disease,Apple_Healthy,"Apple__healthy, Apple__Healthy, Apple_Healthy",2604,MERGE,"3 variations of healthy apples - use 'Apple_Healthy'"
Apple,Fruit Disease,Apple_Brown_Spot,Apple_Brown_spot,1060,KEEP,"Unique, no duplicates detected"
Apple,Fruit Disease,Apple_Rotten,"Apple__Rotten (1), Apple_Rotten",1228,MERGE,"2 versions - consolidate"

Banana,Fruit Disease,Banana_Healthy,"Banana__Healthy (1), Banana__Healthy, Banana_Healthy",1737,MERGE,"3 versions of healthy banana"
Banana,Fruit Disease,Banana_Rotten,"Banana__Rotten, Banana_Rotten",1625,MERGE,"2 versions"
Banana,Fruit Disease,Banana_Black_Sigatoka,"Banana_Leaf_Black_Sigatoka, Banana_Black_Sigatoka",1411,MERGE,"Different naming - use 'Banana_Black_Sigatoka'"
Banana,Fruit Disease,Banana_Cordana,"Banana_Cordana, Banana_Fruit_Anthracnose, Banana_Cordana_Leaf_Spot",1934,REVIEW,"Possible overlap between Anthracnose and Cordana - may be related diseases"
Banana,Fruit Disease,Banana_Leaf_Anthracnose,Banana_Fruit_Anthracnose,218,MERGE,"Fruit vs Leaf distinction - decide on standardization"
Banana,Fruit Disease,Banana_Healthy_Leaf,Banana_Healthy_Fruit,668,MERGE,"Separate Leaf/Fruit healthy - might want unified 'Banana_Healthy'"

Cherry,Fruit Disease,Cherry_Healthy,"Cherry__healthy (1), Cherry_Healthy, Cherry_Healthy (1), Cherry_Healthy (2)",3334,MERGE,"4 versions - use 'Cherry_Healthy'"
Cherry,Fruit Disease,Cherry_Powdery_Mildew,"Cherry_Powdery_mildew (1), Cherry__Powdery_mildew, Cherry_Powdery_mildew, Cherry_powdery_mildew, Cherry_Powdery_Mildew",4253,MERGE,"5 variations - standardize to 'Cherry_Powdery_Mildew'"
Cherry,Fruit Disease,Cherry_Brown_Spot,Cherry_brown_spot,968,KEEP,"Unique"
Cherry,Fruit Disease,Cherry_Leaf_Spot,"Cherry_Leaf_Spot, Cherry_Leaf_Scorch",1302,REVIEW,"Leaf Spot vs Scorch - different diseases, keep separate"
Cherry,Fruit Disease,Cherry_purple_leaf_spot,Cherry_purple_leaf_spot,987,KEEP,"Unique"
Cherry,Fruit Disease,Cherry_shot_hole,"Cherry__shot hole disease (from name), Cherry_shot hole disease, Cherry_shot_hole",440,MERGE,"3 naming variations"

Citrus,Fruit Disease,Citrus_Black_Spot,"Citrus_Black_spot (2), Citrus_Black_spot (1), Citrus_Black_spot",622,MERGE,"3 versions - use 'Citrus_Black_Spot'"
Citrus,Fruit Disease,Citrus_Greening,"Citrus_greening (1), Citrus_Leaf_Greening, Citrus_Greening, Citrus_greening, Orange__Haunglongbing_(Citrus_greening), Orange_Citrus_Greening",7557,MERGE,"6 variations including 'Haunglongbing' scientific name - use 'Citrus_Greening' as canonical"
Citrus,Fruit Disease,Citrus_Canker,"Citrus_canker (1), Citrus_Canker",681,MERGE,"2 versions"
Citrus,Fruit Disease,Citrus_Healthy,"Citrus_Healthy (1), Citrus_Healthy",87,MERGE,"2 versions"

Corn,Crop Disease,Corn_Healthy,"Corn_healthy (1), Corn_healthy (2), Corn__healthy (2), Corn___Healthy, Corn___Healthy (1), Corn_Healthy, Corn_healthy",5414,MERGE,"7 variations - standardize to 'Corn_Healthy'"
Corn,Crop Disease,Corn_Common_Rust,"Corn_Common_rust (1), Corn__Common_rust, Corn___Common_Rust, Corn_Common_Rust (1), Corn_Common_Rust",4645,MERGE,"5 versions"
Corn,Crop Disease,Corn_Northern_Leaf_Blight,"Corn_Northern_Leaf_Blight (1), Corn_Northern_Leaf_Blight (3), Corn__Northern_Leaf_Blight, Corn___Northern_Leaf_Blight, Corn_Northern_Leaf_Blight (2), Corn_Northern_Leaf_Blight",5439,MERGE,"6 versions with number suffixes"
Corn,Crop Disease,Corn_Gray_Leaf_Spot,"Corn_gray_leaf_spot, Corn_Cercospora_Leaf_Spot, Corn__Cercospora_leaf_spot_Gray_leaf_spot, Corn___Gray_Leaf_Spot",4568,MERGE,"4 versions - Gray Leaf Spot and Cercospora often same disease"
Corn,Crop Disease,Corn_Leaf_Spot,"Corn_Leaf_Spot, Corn_leaf_spot",1287,MERGE,"2 versions"
Corn,Crop Disease,Corn_cercospora_gray_leaf_spot,CONSOLIDATED,1200,CONSOLIDATE,"Already merged format"
Corn,Crop Disease,Corn_Leaf_Blight,"Corn_Leaf_Blight (1), Corn_leaf_blight",2397,MERGE,"2 versions"
Corn,Crop Disease,Corn_Grasshopper,Corn_Leaf_Beetle + Corn_Grasshopper,1686,KEEP,"Separate insect pests"
Corn,Crop Disease,Corn_Streak_Virus,,979,KEEP,"Unique viral disease"

Cotton,Crop Disease,Cotton_Healthy,"Cotton_healthy (1), Cotton_healthy, Cotton_Healthy",1270,MERGE,"3 versions"
Cotton,Crop Disease,Cotton_Bacterial_Blight,"Cotton_bacterial_blight (1), Cotton_Bacterial_blight, Cotton_Bacterial_Blight",896,MERGE,"3 versions"
Cotton,Crop Disease,Cotton_Curl_Virus,"Cotton_curl_virus (1), Cotton_Curl_virus, Cotton_curl_virus",836,MERGE,"3 versions"
Cotton,Crop Disease,Cotton_Fusarium_Wilt,"Cotton_fussarium_wilt (1), Cotton_fussarium_wilt, Cotton_Fusarium_wilt",1257,MERGE,"3 versions (note spelling: fussarium vs Fusarium)"
Cotton,Crop Disease,Cotton_Bollworm,"Cotton__bollworm (Helicoverpa armigera), Cotton_Adult_Bollworm, Cotton_Larve_Bollworm, Damages_Fruit_Bollworm",195,REVIEW,"Life stages split - consider merging or keeping separate for training"

Grape,Fruit Disease,Grape_Healthy,"Grape__healthy (1), Grape_Healthy, Grape_healthy",2837,MERGE,"3 versions"
Grape,Fruit Disease,Grape_Black_Rot,"Grape__Black_rot (1), Grape__black_rot (1), Grape_Black_Rot, Grape_black_rot",3200,MERGE,"4 versions"
Grape,Fruit Disease,Grape_Black_Measles,"Grape_Black_Measles (1), Grape_Black_Measles, Grape__Esca_(Black_Measles), Grape_Leaf_Esca, Grape_Esca",3883,MERGE,"5 versions - Esca is same as Black Measles"
Grape,Fruit Disease,Grape_Leaf_Blight,"Grape__Leaf_blight_(Isariopsis_Leaf_Spot), Grape_Isariopsis_Leaf_Spot, Grape_Leaf_Blight",2076,MERGE,"3 versions - Isariopsis is Leaf Blight"
Grape,Fruit Disease,Grape_Powdery_Mildew,Grape_Powdery_mildew leaf,1208,KEEP,"Unique"
Grape,Fruit Disease,Grape_Leaf_Leafroll_Virus,Grape_Leaf_Leafroll_Virus,168,KEEP,"Unique viral"
Grape,Fruit Disease,Grape_Downy_Mildew,"Niphad Grape_Downey Mildew, Grape_Downy_mildew leaf",1590,MERGE,"2 versions (note spelling: Downy vs Downey)"
Grape,Fruit Disease,Grape_Anthracnose,Grape_Anthracnose leaf,996,KEEP,"Unique"
Grape,Fruit Disease,Grape_Brown_Spot,"Grape_Brown_spot leaf, Grape_Brown spot leaf",1264,MERGE,"2 versions"
Grape,Fruit Disease,Grape_shot_hole,"Grape_shot hole leaf disease, Grape_shot hole leaf disease",852,KEEP,"Unique"
Grape,Fruit Disease,Grape_Mites,Grape_Mites_leaf disease,500,KEEP,"Unique"

Peach,Fruit Disease,Peach_Bacterial_Spot,"Peach__bacterial_spot, Peach_Bacterial_spot",1808,MERGE,"2 versions"
Peach,Fruit Disease,Peach_Healthy,"Peach__healthy (if exists), Peach_Healthy",1200,KEEP,"Unique"

Potato,Vegetable Disease,Potato_Healthy,"Potato__Healthy (1), Potato__Healthy, Potato_Healthy (1), Potato_healthy, Potato___Healthy, Potato_Healthy",5341,MERGE,"6 versions"
Potato,Vegetable Disease,Potato_Early_Blight,"Potato_Early_blight, Potato_Early_Blight, Potato___Early_blight (1), Potato_Healthy (1)",4209,MERGE,"4 versions"
Potato,Vegetable Disease,Potato_Late_Blight,"Potato_Late_blight, Potato_Late_Blight, Potato___Late_Blight, Potato_Late_Blight (1)",5102,MERGE,"4 versions"
Potato,Vegetable Disease,Potato_Rotten,"Potato__Rotten, Potato_Rotten",1108,MERGE,"2 versions"

Rice,Crop Disease,Rice_Healthy,"Rice___Healthy, Rice___Healthy (1), Rice_Healthy (1), Rice_Healthy, Rice__healthy, Rice_healthy",2915,MERGE,"6 versions"
Rice,Crop Disease,Rice_Leaf_Blast,"Rice___Leaf_Blast, Rice_Leaf_Blast, Rice_Leaf_Blast (1)",2400,MERGE,"3 versions"
Rice,Crop Disease,Rice_Brown_Spot,"Rice___Brown_Spot, Rice_Brown_Spot, Rice_Brown_Spot (1)",1549,MERGE,"3 versions"
Rice,Crop Disease,Rice_Leaf_Scald,Rice_Leaf_scald,628,KEEP,"Unique"
Rice,Crop Disease,Rice_hispa,"Rice__hispa (1), Rice_hispa, Rice_hispa (renamed from other sources)",1265,MERGE,"2-3 versions"
Rice,Crop Disease,Rice_Neck_Blast,Rice___Neck_Blast,553,KEEP,"Unique"

Solanaceae,Vegetable Disease,Solanaceae_Bacterial_Soft_Rot,Solanaceae_Bacterial_Soft_Rot,72,KEEP,"Unique"
Solanaceae,Vegetable Disease,Solanaceae_Bacterial_Spot,Solanaceae_Bacterial_Spot,89,KEEP,"Unique"

Soybean,Crop Disease,Soybean_Healthy,Soybean__healthy,5090,KEEP,"Merged already"
Soybean,Crop Disease,Soybean_Mosaic_Virus,"Soybean_Leaf_Mosaic_Virus, Soybean__mosaic_virus",185,MERGE,"2 versions"
Soybean,Crop Disease,Soybean_Powdery_Mildew,Soybean__powdery_mildew,77,KEEP,"Unique"
Soybean,Crop Disease,Soybean_Leaf_Rust,Soybean_Leaf_Rust,174,KEEP,"Unique"
Soybean,Crop Disease,Soybean_Halo_Blight,Soybean_Leaf_Halo_Blight,142,KEEP,"Unique"

Strawberry,Fruit Disease,Strawberry_Healthy,"Strawberry__healthy (2), Strawberry__healthy (1), Strawberry__healthy, Strawberry_Healthy",4097,MERGE,"4 versions"
Strawberry,Fruit Disease,Strawberry_Leaf_Scorch,"Strawberry__Leaf_scorch (1), Strawberry___leaf_scorch, Strawberry_Leaf_scorch, Strawberry__Leaf_scorch",3892,MERGE,"4 versions"
Strawberry,Fruit Disease,Strawberry_Rotten,Strawberry__Rotten,564,KEEP,"Unique"

Tomato,Vegetable Disease,Tomato_Healthy,"Tomato__Tomato__healthy, Tomato__healthy, Tomato_Healthy, Tomato_healthy",4905,MERGE,"4 versions"
Tomato,Vegetable Disease,Tomato_Bacterial_Spot,"Tomato_Bacterial_Spot, Tomato__Bacterial_spot (1), Tomato__Bacterial_spot, Tomato__bacterial_spot, Tomato_Bacterial_Spot",6592,MERGE,"5+ versions"
Tomato,Vegetable Disease,Tomato_Early_Blight,"Tomato_Early_blight, Tomato__Early_blight, Tomato_Early_Blight, tomato_early_blight",3370,MERGE,"4 versions"
Tomato,Vegetable Disease,Tomato_Late_Blight,"Tomato_Late_blight, Tomato__Late_blight, Tomato_Late_blight",3482,MERGE,"3 versions"
Tomato,Vegetable Disease,Tomato_Septoria_Leaf_Spot,"Tomato__septoria_leaf_spot, Tomato_Septoria_Leaf_Spot, Tomato_septoria leaf spot (1), Tomato_septoria leaf spot, Tomato_septoria_leaf, Tomato_Septoria",7186,MERGE,"6+ versions"
Tomato,Vegetable Disease,Tomato_Target_Spot,"Tomato_Target_Spot, Tomato__target_spot, Tomato_target_spot",2313,MERGE,"3 versions"
Tomato,Vegetable Disease,Tomato_Leaf_Mold,"Tomato__Leaf_Mold, Tomato___Leaf_Mold, Tomato_Leaf_Mold, tomato_leaf_mold",3387,MERGE,"4 versions"
Tomato,Vegetable Disease,Tomato_Yellow_Leaf_Curl_Virus,"Tomato_Yellow_Leaf_Curl_Virus, Tomato__Tomato_YellowLeaf__Curl_Virus, Tomato__mosaic_virus (if YLCV related)",2625,MERGE,"2-3 versions"
Tomato,Vegetable Disease,Tomato_Mosaic_Virus,"Tomato__mosaic_virus (1), Tomato__mosaic_virus, tomato_leaf_curl",348,KEEP,"Check overlap with YLCV"
Tomato,Vegetable Disease,Tomato_Spider_Mite,"Tomato_Spider_Mites_Two_spotted_spider_mite, Tomato_Two_Spotted_Spider_Mite, Tomato_Spider_mites, tomato_spider_mites, Tomato_Spider_Mite",3144,MERGE,"5 versions"
Tomato,Vegetable Disease,Tomato_Leaf_Blight,Tomato_Leaf_Blight,1667,KEEP,"Unique"
Tomato,Vegetable Disease,Tomato_Leaf_Curl,"Tomato_Leaf_Curl, tomato_leaf_curl",2071,MERGE,"2 versions"
Tomato,Vegetable Disease,Tomato_Leaf_Miner,tomato_leaf_miner,1497,KEEP,"Unique"
Tomato,Vegetable Disease,Tomato_Verticillium_Wilt,"Tomato_Verticillium_Wilt, tomato_verticillium wilt",1545,MERGE,"2 versions"
Tomato,Vegetable Disease,Tomato_Rotten,Tomato__Rotten,488,KEEP,"Unique"
Tomato,Vegetable Disease,Tomato_Fruit_Blossom_End_Rot,Tomato_Fruit_Blossom_End_Rot,82,KEEP,"Unique"
Tomato,Vegetable Disease,Tomato_Leaf_Bacterial_Canker,Tomato_Leaf_Bacterial_Canker,134,KEEP,"Unique"
Tomato,Vegetable Disease,Tomato_Fruit_Bacterial_Canker,Tomato_Fruit_Bacterial_Canker,34,KEEP,"Unique"

Wheat,Crop Disease,Wheat_Healthy,"Wheat___Healthy (1), Wheat_Healthy, Wheat___Healthy, Wheat_Healthy (1)",4067,MERGE,"4 versions"
Wheat,Crop Disease,Wheat_Brown_Rust,"Wheat___Brown_Rust, Wheat__brown_rust, Wheat_Brown_rust, Wheat_Brown_Rust (1), Wheat_Brown_Rust",5878,MERGE,"5+ versions"
Wheat,Crop Disease,Wheat_Yellow_Rust,"Wheat___Yellow_Rust, Wheat_Yellow_rust, Wheat_Yellow_Rust",2746,MERGE,"3 versions"
Wheat,Crop Disease,Wheat_Leaf_Blight,Wheat_Leaf_blight,842,KEEP,"Unique"
Wheat,Crop Disease,Wheat_Blast,"Wheat_Blast (1), Wheat_Blast, Wheat___Blast",1294,MERGE,"3 versions"
Wheat,Crop Disease,Wheat_Fusarium_Head_Blight,Wheat_Fusarium_Head_Blight,611,KEEP,"Unique"
Wheat,Crop Disease,Wheat_Smut,Wheat_Smut,1200,KEEP,"Unique"
Wheat,Crop Disease,Wheat_Leaf_Streak_Mosaic_Virus,Wheat_Leaf_Streak_Mosaic_Virus,104,KEEP,"Unique"
Wheat,Crop Disease,Wheat_Mildew,Wheat_Mildew,812,KEEP,"Unique"
Wheat,Crop Disease,Wheat_Common_Root_Rot,Wheat_Common_Root_Rot,614,KEEP,"Unique"
Wheat,Crop Disease,Wheat_Aphid,Pest_Wheat_aphid,903,MERGE,"2 versions"
Wheat,Crop Disease,Wheat_Mite,Pest_Wheat_mite,800,MERGE,"2 versions"
Wheat,Crop Disease,Wheat_Stem_Fly,Pest_Wheat_stem_fly,234,KEEP,"Unique"

Sugarcane,Crop Disease,Sugarcane_Healthy,"Sugarcane_Healthy (1), Sugarcane_Healthy",1044,MERGE,"2 versions"
Sugarcane,Crop Disease,Sugarcane_Mosaic_Virus,Sugarcane_Mosaic_Virus,924,KEEP,"Unique"
Sugarcane,Crop Disease,Sugarcane_Rust,"Sugarcane_Rust (1), Sugarcane_Rust",1028,MERGE,"2 versions"
Sugarcane,Crop Disease,Sugarcane_RedRot,"Sugarcane_Red_Rot, Sugarcane_RedRot, RedRot",1523,MERGE,"3 versions (redrot common naming)"
Sugarcane,Crop Disease,Sugarcane_Yellow,"Sugarcane_Yellow_leaf, Sugarcane_Yellow, Sugar_Yellow",1527,MERGE,"3 versions"

Pepper_Bell,Vegetable Disease,Pepper_Bell_Healthy,"Pepper Bell Healthy, Pepper_bell___healthy, Pepper__bell___healthy, Bell pepper_bell___healthy, Bellpepper__Healthy, Bellpepper__Healthy (if exists)",3794,MERGE,"5+ naming variations"
Pepper_Bell,Vegetable Disease,Pepper_Bell_Bacterial_Spot,"Pepper Bell Bacterial Spot, Pepper_Bacterial_Spot, Pepper__bell___Bacterial_spot",1554,MERGE,"3 versions"

Cucumber,Vegetable Disease,Cucumber_Healthy,"Cucumber__healthy, Cucumber_Healthy",1312,MERGE,"2 versions"
Cucumber,Vegetable Disease,Cucumber_Rotten,"Cucumber__Rotten (1), Cucumber__Rotten, Cucumber_Rotten",1471,MERGE,"3 versions"

Cabbage,Vegetable Disease,Cabbage_Leaf_Bacterial_Blight,Cabbage_Leaf_Bacterial_Blight,80,KEEP,"Unique"
Cabbage,Vegetable Disease,Cabbage_Leaf_Bacterial_Soft_Rot,Cabbage_Leaf_Bacterial_Soft_Rot,72,KEEP,"Unique"
Cabbage,Vegetable Disease,Cabbage_Black_Rot,"Cauliflower_Black_Rot, Brassica_Black_leaf_spot (1), Brassica_Black_leaf_spot, Cauliflower_Alternaria_leaf_spot (1), Cauliflower_Alternaria_leaf_spot, Black Rot",3348,MERGE,"6+ versions - Brassica family overlap"
Cabbage,Vegetable Disease,Cauliflower_Insect_Damage,Cauliflower_Insect_Damage,639,KEEP,"Unique"
Cabbage,Vegetable Disease,Cauliflower_Healthy,Cauliflower_Leaf_Healthy,934,KEEP,"Unique"

Chili,Vegetable Disease,Chili_Healthy,chili_healthy,100,KEEP,"Unique"
Chili,Vegetable Disease,Chili_Curl_Virus,Chili_Curl_Virus,812,KEEP,"Unique"
Chili,Vegetable Disease,Chili_Nutrition_Deficiency,Chili_Condition + Chili_Nutrition_Deficiency,1776,MERGE,"2 versions"
Chili,Vegetable Disease,Chili_Cercospora_Leaf_Spot,"Chili_Cercospora_leaf_spot (1), Chili_Cercospora_leaf_spot",1466,MERGE,"2 versions"
Chili,Vegetable Disease,Chili_White_Spot,Chili_White_spot (1) + Chili_White_spot,2400,MERGE,"2 versions"

Peanut,Crop Disease,Peanut_Early_Leaf_Spot,"Peanut_Early_leaf_spot (1), Peanut_Early_leaf_spot",2000,MERGE,"2 versions"
Peanut,Crop Disease,Peanut_Late_Leaf_Spot,"Peanut_Late_leaf_spot (1), Peanut_Late_leaf_spot",2000,MERGE,"2 versions"

Pest_Generic,Pest,Pest_Armyworm,"fall armyworm (Spodoptera frugiperda) Larve, fall armyworm (Spodoptera frugiperda) Larve adults, fall armyworm (Spodoptera frugiperda) Dammage, Generic_Armyworm, maize fall army worm, Generic_Fall_Armyworm",2444,MERGE,"6 versions - consolidate to 'Pest_Fall_Armyworm'"
Pest_Generic,Pest,Pest_Aphids,"Aphids, Generic_Aphids",1195,MERGE,"2 versions"
Pest_Generic,Pest,Pest_Bollworm,"Cotton_Adult_Bollworm, Cotton_Larve_Bollworm, Damages_Fruit_Bollworm, Cotton__bollworm",195,REVIEW,"Split by life stage - may want unified"
Pest_Generic,Pest,Pest_Cabbage_Looper,"Pest_Cabbage_looper (2), Pest_Cabbage_looper (1)",234,MERGE,"2 versions"
Pest_Generic,Pest,Pest_Corn_Borer,Pest_Corn_borer,1018,KEEP,"Unique"
Pest_Generic,Pest,Pest_Whitefly,"Pest_Whitefly (1), Pest_Whitefly",829,MERGE,"2 versions"
Pest_Generic,Pest,Pest_Rice_Borer,"Pest_Rice_borer, CONSOLIDATED",302,MERGED,"Already consolidated"
Pest_Generic,Pest,Pest_Spider_Mite,Red_Spider_Mite + Spider_Mite_Leaf_Damages + Twospotted spider mite,702,MERGE,"3 related pest versions"
Pest_Generic,Pest,Pest_Weevil,"Curculionoidea (Weevil), Pest_Weevil, stem-boring weevil",1197,MERGE,"3 versions"
Pest_Generic,Pest,Pest_Thrips,Thrips_Leaf_Damages + Generic_Thrips,847,MERGE,"2 versions"
Pest_Generic,Pest,Pest_Caterpillar,Pest_Caterpillar,915,KEEP,"Unique"
Pest_Generic,Pest,Pest_Grasshopper,Generic_Grasshopper + Pest_Grasshopper,1782,MERGE,"2 versions"
Pest_Generic,Pest,Pest_Leafhopper,Cicadellidae,1200,KEEP,"Taxonomic name"

Cashew,Tree Crop,Cashew_Healthy,"Cashew_healthy, Cashew_Healthy",2442,MERGE,"2 versions"
Cashew,Tree Crop,Cashew_Anthracnose,"Cashew_anthracnose, Cashew_Anthracnose",1988,MERGE,"2 versions"
Cashew,Tree Crop,Cashew_Gumosis,"Cashew_gumosis, Cashew_Gumosis",819,MERGE,"2 versions"
Cashew,Tree Crop,Cashew_Leaf_Miner,"Cashew_leaf miner, Cashew_Leaf_Miner",1990,MERGE,"2 versions"
Cashew,Tree Crop,Cashew_Red_Rust,"Cashew_red rust, Cashew_Red_Rust",2313,MERGE,"2 versions"

Cassava,Root Crop,Cassava_Healthy,"Cassava__healthy, Cassava_healthy, Cassava_Healthy",1613,MERGE,"3 versions"
Cassava,Root Crop,Cassava_Bacterial_Blight,Cassava_Bacterial_Blight,2363,KEEP,"Unique"
Cassava,Root Crop,Cassava_Mosaic_Disease,"Cassava__mosaic_disease, Cassava_Mosaic_Disease",1120,MERGE,"2 versions"
Cassava,Root Crop,Cassava_Brown_Streak,Cassava_Brown_Streak_Disease + Cassava_Brown_Spot,1946,MERGE,"2 related"
Cassava,Root Crop,Cassava_Green_Mite,"Cassava_Green_Mite, Cassava_Green_Mite (dup)",2000,KEEP,"Unique"
Cassava,Root Crop,Cassava_Green_Mottle,Cassava_Green_Mottle,1000,KEEP,"Unique"

Mango,Tree Crop,Mango_Healthy,"Mango__healthy, Mango_Healthy_Fruit, Mango_Healthy_Leaf",1387,MERGE,"3 versions with body parts"
Mango,Tree Crop,Mango_Diseased_Fruit,"Mango_Diseased_Fruit, Mango__Rotten",797,MERGE,"2 versions"

Lychee,Tree Crop,Lychee_Healthy,Lychee_Healthy,1000,KEEP,"Unique (large dataset)"
Lychee,Tree Crop,Lychee_Anthrax_Leaf,Lychee_Anthrax_Leaf,1000,KEEP,"Unique"
Lychee,Tree Crop,Lychee_Bituminous_Leaf,Lychee_Bituminous_Leaf,1000,KEEP,"Unique"
Lychee,Tree Crop,Lychee_Curl_Leaf,Lychee_Curl_Leaf,1000,KEEP,"Unique"
Lychee,Tree Crop,Lychee_Deficiency_Leaf,Lychee_Deficiency_Leaf,1000,KEEP,"Unique"
Lychee,Tree Crop,Lychee_Dry_Leaf,Lychee_Dry_Leaf,1000,KEEP,"Unique"
Lychee,Tree Crop,Lychee_Felt_Leaf,Lychee_Felt_Leaf,1000,KEEP,"Unique"
Lychee,Tree Crop,Lychee_Leaf_Blight,Lychee_Leaf_Blight,1000,KEEP,"Unique"
Lychee,Tree Crop,Lychee_Leaf_Gall,Lychee_Leaf_Gall,1000,KEEP,"Unique"

Hibiscus,Ornamental,Hibiscus_Healthy,Hibiscus_Healthy,1000,KEEP,"Unique (large)"
Hibiscus,Ornamental,Hibiscus_Fungal_Infection,Hibiscus_Fungal_Infection,1000,KEEP,"Unique"
Hibiscus,Ornamental,Hibiscus_Citrus_Pot,Hibiscus_Citrus_Pot,1000,KEEP,"Unique"
Hibiscus,Ornamental,Hibiscus_Early_Mild_Spotting,Hibiscus_Early_Mild_Spotting,417,KEEP,"Unique"
Hibiscus,Ornamental,Hibiscus_Mild_Edge_Damage,Hibiscus_Mild_Edge_Damage,1000,KEEP,"Unique"
Hibiscus,Ornamental,Hibiscus_Senescent,Hibiscus_Senescent,1000,KEEP,"Unique"
Hibiscus,Ornamental,Hibiscus_Slightly_Diseased,Hibiscus_Slightly_Diseased,1000,KEEP,"Unique"
Hibiscus,Ornamental,Hibiscus_Wrinkled_Leaf,Hibiscus_Wrinkled_Leaf,1000,KEEP,"Unique"

Tea,Beverage Crop,Tea_Healthy,"Tea_Healthy (1), Tea_Healthy",1221,MERGE,"2 versions"
Tea,Beverage Crop,Tea_Brown_Blight,"Tea_Brown_Blight, Tea_Brown_blight, Tea_Brown_Blight (1)",1678,MERGE,"3 versions"
Tea,Beverage Crop,Tea_Red_Leaf_Spot,"Tea_Red_leaf_spot, Tea_Red_Spot, Tea_Red_Leaf_Spot",1429,MERGE,"3 versions"
Tea,Beverage Crop,Tea_Grey_Blight,Tea_Grey_Blight,1000,KEEP,"Unique"
Tea,Beverage Crop,Tea_Algal_Spot,Tea_Algal_Spot,1000,KEEP,"Unique"

Niphad_Grape,Fruit Disease,Niphad_Grape_Healthy,Niphad Grape_Healthy Leaves,1254,KEEP,"Unique regional variant"
Niphad_Grape,Fruit Disease,Niphad_Grape_Powdery_Mildew,Niphad Grape_Powdery Mildew,406,KEEP,"Unique regional variant"
Niphad_Grape,Fruit Disease,Niphad_Grape_Downey_Mildew,Niphad Grape_Downey Mildew,966,KEEP,"Unique regional variant (spelling: Downey)"

Misc_Brassica,Vegetable,Brassica_Black_Leaf_Spot,"Brassica_Black_leaf_spot (1), Brassica_Black_leaf_spot",436,MERGE,"Consolidate naming"
Misc_Insect,Pest,Generic_Insect_Family,Acrididae + Acrididae (1) + Multiple taxonomic families,VARIES,ORGANIZE,"Reorganize taxonomic pest classes by family - too granular"
Misc_Wheat_Wheat,Grain,blast_wheat,blast blé,3601,STANDARDIZE,"French naming - convert to English"
Misc_Wheat_Wheat,Grain,healthy_wheat,healthy blé,3229,STANDARDIZE,"French naming"
Misc_Wheat_Wheat,Grain,insect_wheat,insect blé,1654,STANDARDIZE,"French naming"
Misc_Wheat_Wheat,Grain,leaf_folder_wheat,leaf_folder blé,1332,STANDARDIZE,"French naming"
Misc_Wheat_Wheat,Grain,scald_wheat,scald blé,294,STANDARDIZE,"French naming"
Misc_Wheat_Wheat,Grain,stripes_wheat,stripes blé,1458,STANDARDIZE,"French naming"
Misc_Wheat_Wheat,Grain,tungro_wheat,tungro blé,1415,STANDARDIZE,"French naming"
