Maladie Recherchée,Statut,Fichier Original,Score Confiance (%)
Alfalfa Leaf Mosaic Virus,ECHEC,N/A,0
Allium Leaf Bacterial Soft Rot,ECHEC,N/A,0
Alternaria Black Mold Stem Cankers,ECHEC,N/A,0
Alternaria Leaf Spot,ECHEC,N/A,0
Angular Leaf Spot Cucumber,ECHEC,N/A,0
Anthracnose Colletotrichum orbiculare,ECHEC,N/A,0
Aphids,ECHEC,N/A,0
Apple Scab,ECHEC,N/A,0
Aspergillus Ear and Kernel Rot,ECHEC,N/A,0
Banana Fruit Anthracnose,ECHEC,N/A,0
Banana Leaf Anthracnose,ECHEC,N/A,0
Banana Leaf Black Sigatoka,ECHEC,N/A,0
Banana Leaf Bunchy Top Virus,ECHEC,N/A,0
Banana Leaf Streak Virus,ECHEC,N/A,0
Banana Leaf Yellow Sigatoka,ECHEC,N/A,0
Bean Leaf Bacterial Blight,ECHEC,N/A,0
Bean Leaf Rust,ECHEC,N/A,0
Bell Pepper Fruit Blossom End Rot,ECHEC,N/A,0
Bread Mold Rhizopus stolonifer,ECHEC,N/A,0
Broad Mite Polyphagotarsonemus latus,ECHEC,N/A,0
Brown Rot Fruit,ECHEC,N/A,0
Cabbage Leaf Bacterial Blight,ECHEC,N/A,0
Cabbage Leaf Bacterial Soft Rot,ECHEC,N/A,0
Carrot Alternaria Fruit Spot,ECHEC,N/A,0
Carrot Root Fly,ECHEC,N/A,0
Cereals Leaf Bacterial Spot,ECHEC,N/A,0
Cherry Leaf Spot,ECHEC,N/A,0
Choanephora Fruit Rot,ECHEC,N/A,0
Citrullus Fruit Blossom End Rot,ECHEC,N/A,0
Citrullus Bacterial Fruit Blotch,ECHEC,N/A,0
Citrullus Bacterial Leaf Blotch,ECHEC,N/A,0
Citrus Canker,ECHEC,N/A,0
Citrus Leaf Greening,ECHEC,N/A,0
Corn Smut Ustilago maydis,ECHEC,N/A,0
Corynespora Leaf Spot,ECHEC,N/A,0
Cotton Bollworm Helicoverpa armigera,ECHEC,N/A,0
Cotton Adult Bollworm,ECHEC,N/A,0
Cotton Larvae Bollworm,ECHEC,N/A,0
Crucifers Xanthomonas campestris Black Rot,ECHEC,N/A,0
Cucurbit Leaf Downy Mildew,ECHEC,N/A,0
Curculionoidea Weevil,ECHEC,N/A,0
Fruit Bollworm Damages,ECHEC,N/A,0
Fall Armyworm Spodoptera frugiperda,ECHEC,N/A,0
Fall Armyworm Larvae,ECHEC,N/A,0
Fall Armyworm Adults,ECHEC,N/A,0
Flower Blights Choanephora,ECHEC,N/A,0
Fusarium Cereal Head Blight,ECHEC,N/A,0
Geotrichum Rot Cucurbitaceae Fruit,ECHEC,N/A,0
Grape Leaf Esca,ECHEC,N/A,0
Grape Leaf Leafroll Virus,ECHEC,N/A,0
Hosta Leaf Virus X,ECHEC,N/A,0
Kudzu Bug Megacopta cribraria,ECHEC,N/A,0
Late Blight Fruit,ECHEC,N/A,0
Late Blight Leaf,ECHEC,N/A,0
Leaf Bacterial Wilt,ECHEC,N/A,0
Leaf Curl Virus,ECHEC,N/A,0
Leaf Spurge Flea Beetle,ECHEC,N/A,0
Lesser Cornstalk Borer Elasmopalpus lignosella,ECHEC,N/A,0
Lettuce Chlorosis Virus LCV,ECHEC,N/A,0
Longhorn Beetle,ECHEC,N/A,0
Loose Smut Wheat Ustilago tritici,ECHEC,N/A,0
Maize Tar Spot,ECHEC,N/A,0
Mealybug,ECHEC,N/A,0
Northern Maize Leaf Blight,ECHEC,N/A,0
Penicillium Fungi,ECHEC,N/A,0
Phytophthora Blight Cucurbitaceae,ECHEC,N/A,0
Potyvirus Mosaic Virus,ECHEC,N/A,0
Pythium Diseases,ECHEC,N/A,0
Red Spider Mite,ECHEC,N/A,0
Rhizopus Soft Rots,ECHEC,N/A,0
Rhododendron Stem Borer Oberea myops,ECHEC,N/A,0
Rice Leaf Blast,ECHEC,N/A,0
Root Rot Damping Off Rhizoctonia,ECHEC,N/A,0
Root Knot Nematode Meloidogyne,ECHEC,N/A,0
Sclerotinia Sclerotiorum Fruit Rot,ECHEC,N/A,0
Sclerotinia Sclerotiorum Leaf Rot,ECHEC,N/A,0
Sclerotinia Sclerotiorum Stem Rot,ECHEC,N/A,0
Sclerotinia Timber Rot,ECHEC,N/A,0
Solanaceae Bacterial Soft Rot,ECHEC,N/A,0
Solanaceae Bacterial Spot,ECHEC,N/A,0
Southern Red Mite Oligonychus ilicis,ECHEC,N/A,0
Southern Root Knot Nematode,ECHEC,N/A,0
Soybean Leaf Halo Blight,ECHEC,N/A,0
Soybean Leaf Mosaic Virus,ECHEC,N/A,0
Soybean Leaf Rust,ECHEC,N/A,0
Soybean Tospovirus Leaf Vein Necrosis Virus,ECHEC,N/A,0
Sphinx Moth Adult,ECHEC,N/A,0
Sphinx Moth Larvae Damages,ECHEC,N/A,0
Spider Mite Leaf Damages,ECHEC,N/A,0
Spotted Wilt Virus,ECHEC,N/A,0
Stem Boring Weevil Mecinus janthinus,ECHEC,N/A,0
Stem Borer Leaf Damages,ECHEC,N/A,0
Sweet Potato Fruit Feathery Mottle Virus,ECHEC,N/A,0
Sweet Potato Leaf Feathery Mottle Virus,ECHEC,N/A,0
Target Spot Leaf,ECHEC,N/A,0
Thrips Leaf Damages,ECHEC,N/A,0
Tobacco Leaf Etch Virus,ECHEC,N/A,0
Tobacco Leaf Ringspot Virus,ECHEC,N/A,0
Tomato Early Blight,ECHEC,N/A,0
Tomato Fruit Bacterial Canker,ECHEC,N/A,0
Tomato Fruit Blossom End Rot,ECHEC,N/A,0
Tomato Leaf Bacterial Canker,ECHEC,N/A,0
Tomato Leaf Mold,ECHEC,N/A,0
Tomato Leaf Mosaic Virus,ECHEC,N/A,0
Tomato Leaf Septoria,ECHEC,N/A,0
Tomato Yellow Leaf Curl Virus,ECHEC,N/A,0
Twospotted Spider Mite Tetranychus urticae,ECHEC,N/A,0
Wheat Leaf Streak Mosaic Virus,ECHEC,N/A,0
Whiteflies Leaf,ECHEC,N/A,0
